"Pass []","re(Mode(1)) [g]"
1,6.2274837099912
2,6.30644541202996
3,6.32644037826441
4,6.3425766614397
5,6.34907527464894
6,6.35274695982151
7,6.35603041089232
8,6.35728060755909
9,
10,
11,
12,
13,
14,
15,
16,
17,
18,
19,
20,
21,
22,
23,
24,
25,
26,
27,
28,
29,
30,
31,
32,
33,
34,
35,
36,
37,
38,
39,
40,
41,
42,
43,
44,
45,
46,
47,
48,
49,
50,
